Rank,ID,Name,Position,Week,Team,Opp,Att,RushYds,RushYds/Att,RushTD,Targets,Rec,PassYds,PassTD,Fum,Lost,FantasyPoints
1,16966,Aaron Ripkowski,FB,1,GB,CHI,0,0,0,0,0,0,0,0,0,0,0.00
2,4807,Adrian Peterson,RB,1,MIN,SF,10,31,3,0,3,3,21,0,0,0,5.20
3,16189,Alfred Blue,RB,1,HOU,KC,9,42,5,0,2,1,7,0,0,0,4.90
4,14269,Alfred Morris,RB,1,WAS,MIA,25,121,5,0,0,0,0,0,0,0,12.10
5,16815,Ameer Abdullah,RB,1,DET,SD,7,50,7,1,4,4,44,0,1,0,15.40
6,15224,Andre Ellington,RB,1,ARI,NO,12,69,6,1,3,1,7,0,1,1,11.60
7,16402,Andre Williams,RB,1,NYG,DAL,6,14,2,0,0,0,0,0,0,0,1.40
8,12285,Anthony Dixon,RB,1,BUF,IND,3,1,0,1,0,0,0,0,0,0,6.10
9,13418,Anthony Sherman,FB,1,KC,HOU,0,0,0,0,1,1,0,0,0,0,0.00
10,15191,Austin Johnson,FB,1,NO,ARI,1,4,4,0,3,2,5,0,0,0,0.90
11,15207,Benjamin Cunningham,RB,1,LA,SEA,16,45,3,0,7,4,77,0,0,0,12.20
12,14687,Bernard Pierce,RB,1,JAX,CAR,0,0,0,0,2,1,4,0,0,0,0.40
13,12800,Bilal Powell,RB,1,NYJ,CLE,12,62,5,0,4,2,16,0,0,0,7.80
14,16178,Bishop Sankey,RB,1,TEN,TB,12,74,6,1,3,2,12,1,1,0,20.60
15,13852,Bobby Rainey,RB,1,TB,TEN,3,10,3,0,1,1,4,0,0,0,1.40
16,16345,Branden Oliver,RB,1,SD,DET,2,4,2,0,1,1,17,0,0,0,2.10
17,13741,Brandon Bolden,RB,1,NE,PIT,5,1,0,0,2,1,12,0,0,0,1.30
18,13446,Bruce Miller,FB,1,SF,MIN,0,0,0,0,0,0,0,0,0,0,0.00
19,16934,Cameron Artis-Payne,RB,1,CAR,JAX,0,0,0,0,0,0,0,0,0,0,0.00
20,16668,Carlos Hyde,RB,1,SF,MIN,26,168,7,2,2,2,14,0,0,0,30.20
21,11737,Cedric Peerman,RB,1,CIN,OAK,0,0,0,0,0,0,0,0,0,0,0.00
22,16307,Charcandrick West,RB,1,KC,HOU,0,0,0,0,0,0,0,0,0,0,0.00
23,16609,Charles Sims,RB,1,TB,TEN,5,12,2,0,5,2,23,0,0,0,3.50
24,15596,Chase Reynolds,RB,1,LA,SEA,0,0,0,0,0,0,0,0,0,0,0.00
25,12239,Chris Ivory,RB,1,NYJ,CLE,20,91,5,2,1,1,9,0,0,0,22.00
26,6828,Chris Johnson,RB,1,ARI,NO,10,37,4,0,1,0,0,0,0,0,3.70
27,13735,Chris Polk,RB,1,HOU,KC,5,22,4,0,1,1,9,0,0,0,3.10
28,15102,Chris Thompson,RB,1,WAS,MIA,3,11,4,0,1,0,0,0,0,0,1.10
29,15020,CJ Anderson,RB,1,DEN,BAL,12,29,2,0,8,4,19,0,0,0,4.80
30,17197,Corey Grant,RB,1,JAX,CAR,0,0,0,0,1,1,5,0,0,0,0.50
31,16031,Damien Williams,RB,1,MIA,WAS,1,0,0,0,1,1,3,0,0,0,0.30
32,12317,Danny Woodhead,RB,1,SD,DET,13,43,3,2,6,3,19,0,0,0,18.20
33,11969,Darrel Young,FB,1,WAS,MIA,0,0,0,0,1,1,0,0,0,0,0.00
34,8066,Darren McFadden,RB,1,DAL,NYG,6,16,3,0,1,1,19,0,0,0,3.50
35,6198,Darren Sproles,RB,1,PHI,ATL,5,50,10,0,9,7,76,0,1,0,12.60
36,16847,David Johnson,RB,1,ARI,NO,0,0,0,0,2,1,55,1,0,0,11.50
37,7580,DeAngelo Williams,RB,1,PIT,NE,21,127,6,0,1,1,5,0,0,0,13.20
38,13124,DeMarco Murray,RB,1,PHI,ATL,8,9,1,1,5,4,11,1,0,0,14.00
39,15018,Denard Robinson,RB,1,JAX,CAR,5,19,4,0,2,2,26,0,0,0,4.50
40,15631,Derrick Coleman,FB,1,SEA,LA,1,2,2,0,0,0,0,0,0,0,0.20
41,16524,Devonta Freeman,RB,1,ATL,PHI,10,18,2,0,4,3,29,0,0,0,4.70
42,11220,Dexter McCluster,RB,1,TEN,TB,2,8,4,0,0,0,0,0,0,0,0.80
43,12708,Dion Lewis,RB,1,NE,PIT,15,69,5,0,5,4,51,0,1,0,12.00
44,14385,Doug Martin,RB,1,TB,TEN,11,52,5,0,1,1,2,0,0,0,5.40
45,16144,Dri Archer,RB,1,PIT,NE,0,0,0,0,0,0,0,0,0,0,0.00
46,16838,Duke Johnson,RB,1,CLE,NYJ,7,22,3,0,0,0,0,0,0,0,2.20
47,15138,Eddie Lacy,RB,1,GB,CHI,19,85,5,1,3,2,14,0,0,0,15.90
48,15616,Fozzy Whittaker,RB,1,CAR,JAX,2,2,1,0,2,2,3,0,0,0,0.50
49,5820,Frank Gore,RB,1,IND,BUF,8,31,4,0,3,2,0,0,0,0,3.10
50,5701,Fred Jackson,RB,1,SEA,LA,3,13,4,0,1,1,16,0,0,0,2.90
1,16966,Aaron Ripkowski,FB,2,GB,SEA,0,0,0,0,0,0,0,0,0,0,0.00
2,4807,Adrian Peterson,RB,2,MIN,DET,29,134,5,0,2,2,58,0,2,1,17.20
3,16189,Alfred Blue,RB,2,HOU,CAR,5,6,1,0,1,1,4,0,0,0,1.00
4,14269,Alfred Morris,RB,2,WAS,LA,18,59,3,0,2,2,13,0,0,0,7.20
5,16815,Ameer Abdullah,RB,2,DET,MIN,6,9,2,0,1,1,9,0,0,0,1.80
6,16402,Andre Williams,RB,2,NYG,ATL,6,43,7,0,0,0,0,0,0,0,4.30
7,12285,Anthony Dixon,RB,2,BUF,NE,0,0,0,0,0,0,0,0,0,0,0.00
8,13418,Anthony Sherman,FB,2,KC,DEN,0,0,0,0,0,0,0,0,0,0,0.00
9,15191,Austin Johnson,FB,2,NO,TB,1,1,1,1,1,0,0,0,0,0,6.10
10,15207,Benjamin Cunningham,RB,2,LA,WAS,1,0,0,0,6,4,27,0,0,0,2.70
11,14687,Bernard Pierce,RB,2,JAX,MIA,3,4,1,0,0,0,0,0,0,0,0.40
12,12800,Bilal Powell,RB,2,NYJ,IND,12,38,3,0,5,4,16,0,1,0,5.40
13,16178,Bishop Sankey,RB,2,TEN,CLE,12,42,4,0,2,0,0,0,0,0,4.20
14,13852,Bobby Rainey,RB,2,TB,NO,0,0,0,0,1,1,8,0,0,0,0.80
15,16345,Branden Oliver,RB,2,SD,CIN,1,2,2,0,0,0,0,0,0,0,0.20
16,13741,Brandon Bolden,RB,2,NE,BUF,1,1,1,0,1,1,2,0,0,0,0.30
17,13446,Bruce Miller,FB,2,SF,PIT,0,0,0,0,2,1,7,0,0,0,0.70
18,16668,Carlos Hyde,RB,2,SF,PIT,13,43,3,0,4,4,18,0,0,0,6.10
19,11737,Cedric Peerman,RB,2,CIN,SD,0,0,0,0,0,0,0,0,0,0,0.00
20,16307,Charcandrick West,RB,2,KC,DEN,0,0,0,0,0,0,0,0,0,0,0.00
21,16609,Charles Sims,RB,2,TB,NO,8,38,5,0,3,3,14,0,0,0,5.20
22,12239,Chris Ivory,RB,2,NYJ,IND,14,57,4,0,2,2,3,0,0,0,6.00
23,6828,Chris Johnson,RB,2,ARI,CHI,20,72,4,0,1,0,0,0,0,0,7.20
24,13735,Chris Polk,RB,2,HOU,CAR,14,38,3,0,8,2,9,0,0,0,4.70
25,15102,Chris Thompson,RB,2,WAS,LA,0,0,0,0,1,1,10,0,0,0,1.00
26,15020,CJ Anderson,RB,2,DEN,KC,12,27,2,0,1,1,2,0,0,0,2.90
27,10949,CJ Spiller,RB,2,NO,TB,3,7,2,0,1,1,19,0,0,0,2.60
28,17197,Corey Grant,RB,2,JAX,MIA,1,1,1,0,0,0,0,0,0,0,0.10
29,16031,Damien Williams,RB,2,MIA,JAX,2,5,3,0,4,3,15,1,0,0,8.00
30,12317,Danny Woodhead,RB,2,SD,CIN,7,36,5,0,6,6,68,0,0,0,10.40
31,11969,Darrel Young,FB,2,WAS,LA,0,0,0,0,0,0,0,0,0,0,0.00
32,8066,Darren McFadden,RB,2,DAL,PHI,10,31,3,0,2,2,21,0,0,0,5.20
33,6198,Darren Sproles,RB,2,PHI,DAL,1,-4,-4,0,4,4,23,0,0,0,1.90
34,16847,David Johnson,RB,2,ARI,CHI,5,42,8,1,2,1,3,0,0,0,10.50
35,7580,DeAngelo Williams,RB,2,PIT,SF,20,77,4,3,5,4,15,0,0,0,27.20
36,13124,DeMarco Murray,RB,2,PHI,DAL,13,2,0,0,5,5,53,0,0,0,5.50
37,15018,Denard Robinson,RB,2,JAX,MIA,1,9,9,0,0,0,0,0,0,0,0.90
38,15631,Derrick Coleman,FB,2,SEA,GB,0,0,0,0,1,1,0,0,0,0,0.00
39,16524,Devonta Freeman,RB,2,ATL,NYG,12,25,2,1,8,4,34,0,0,0,11.90
40,11220,Dexter McCluster,RB,2,TEN,CLE,10,98,10,0,4,4,26,0,0,0,12.40
41,12708,Dion Lewis,RB,2,NE,BUF,7,40,6,1,9,6,98,0,1,1,17.80
42,14385,Doug Martin,RB,2,TB,NO,21,78,4,0,2,2,20,0,1,1,7.80
43,16144,Dri Archer,RB,2,PIT,SF,0,0,0,0,0,0,0,0,0,0,0.00
44,16838,Duke Johnson,RB,2,CLE,TEN,12,43,4,0,0,0,0,0,0,0,4.30
45,15138,Eddie Lacy,RB,2,GB,SEA,3,9,3,0,0,0,0,0,0,0,0.90
46,15616,Fozzy Whittaker,RB,2,CAR,HOU,1,3,3,0,0,0,0,0,0,0,0.30
47,5820,Frank Gore,RB,2,IND,NYJ,15,57,4,0,1,1,4,0,1,1,4.10
48,5701,Fred Jackson,RB,2,SEA,GB,0,0,0,0,2,2,16,1,1,1,5.60
49,14916,Giovani Bernard,RB,2,CIN,SD,20,123,6,0,3,3,16,0,0,0,13.90
50,16127,Isaiah Crowell,RB,2,CLE,TEN,15,72,5,1,0,0,0,0,0,0,13.20
1,16966,Aaron Ripkowski,FB,3,GB,KC,0,0,0,0,0,0,0,0,0,0,0.00
2,4807,Adrian Peterson,RB,3,MIN,SD,20,126,6,2,0,0,0,0,0,0,24.60
3,16189,Alfred Blue,RB,3,HOU,TB,31,139,5,1,0,0,0,0,1,0,19.90
4,14269,Alfred Morris,RB,3,WAS,NYG,6,19,3,0,0,0,0,0,0,0,1.90
5,17234,Alonzo Harris,RB,3,GB,KC,2,17,9,0,0,0,0,0,0,0,1.70
6,16815,Ameer Abdullah,RB,3,DET,DEN,8,23,3,0,5,2,19,1,1,0,10.20
7,16402,Andre Williams,RB,3,NYG,WAS,14,29,2,1,0,0,0,0,0,0,8.90
8,12285,Anthony Dixon,RB,3,BUF,MIA,5,-1,0,0,0,0,0,0,0,0,-0.10
9,13418,Anthony Sherman,FB,3,KC,GB,0,0,0,0,0,0,0,0,0,0,0.00
10,16163,Antonio Andrews,RB,3,TEN,IND,12,49,4,1,2,1,12,0,0,0,12.10
11,15191,Austin Johnson,FB,3,NO,CAR,2,4,2,0,0,0,0,0,0,0,0.40
12,15207,Benjamin Cunningham,RB,3,LA,PIT,1,12,12,0,2,2,18,0,0,0,3.00
13,14687,Bernard Pierce,RB,3,JAX,NE,1,1,1,0,3,2,3,0,0,0,0.40
14,12800,Bilal Powell,RB,3,NYJ,PHI,10,31,3,0,8,7,44,0,0,0,7.50
15,16178,Bishop Sankey,RB,3,TEN,IND,5,10,2,0,2,2,31,0,0,0,4.10
16,13852,Bobby Rainey,RB,3,TB,HOU,0,0,0,0,0,0,0,0,2,0,0.00
17,16345,Branden Oliver,RB,3,SD,MIN,8,26,3,0,1,0,0,0,1,0,2.60
18,13741,Brandon Bolden,RB,3,NE,JAX,0,0,0,0,0,0,0,0,0,0,0.00
19,13446,Bruce Miller,FB,3,SF,ARI,0,0,0,0,0,0,0,0,0,0,0.00
20,16934,Cameron Artis-Payne,RB,3,CAR,NO,3,6,2,0,0,0,0,0,0,0,0.60
21,16668,Carlos Hyde,RB,3,SF,ARI,15,51,3,0,1,1,10,0,0,0,6.10
22,11737,Cedric Peerman,RB,3,CIN,BAL,0,0,0,0,0,0,0,0,0,0,0.00
23,16307,Charcandrick West,RB,3,KC,GB,0,0,0,0,1,0,0,0,0,0,0.00
24,16609,Charles Sims,RB,3,TB,HOU,6,11,2,0,2,2,41,1,0,0,11.20
25,6828,Chris Johnson,RB,3,ARI,SF,22,110,5,2,2,1,40,0,0,0,27.00
26,13735,Chris Polk,RB,3,HOU,TB,5,5,1,0,0,0,0,0,0,0,0.50
27,15102,Chris Thompson,RB,3,WAS,NYG,2,29,15,0,11,8,57,1,1,0,14.60
28,15020,CJ Anderson,RB,3,DEN,DET,8,18,2,0,1,1,9,0,0,0,2.70
29,10949,CJ Spiller,RB,3,NO,CAR,1,4,4,0,2,2,22,0,0,0,2.60
30,17197,Corey Grant,RB,3,JAX,NE,2,6,3,0,2,1,8,0,0,0,1.40
31,16031,Damien Williams,RB,3,MIA,BUF,2,17,9,0,3,1,5,0,0,0,2.20
32,12317,Danny Woodhead,RB,3,SD,MIN,5,11,2,0,4,3,32,0,0,0,4.30
33,11969,Darrel Young,FB,3,WAS,NYG,1,2,2,0,0,0,0,0,0,0,0.20
34,8066,Darren McFadden,RB,3,DAL,ATL,6,35,6,1,0,0,0,0,0,0,9.50
35,6198,Darren Sproles,RB,3,PHI,NYJ,11,17,2,1,6,4,19,0,0,0,9.60
36,16847,David Johnson,RB,3,ARI,SF,7,25,4,0,3,3,16,0,0,0,4.10
37,7580,DeAngelo Williams,RB,3,PIT,LA,1,2,2,0,0,0,0,0,0,0,0.20
38,15631,Derrick Coleman,FB,3,SEA,CHI,0,0,0,0,0,0,0,0,0,0,0.00
39,16524,Devonta Freeman,RB,3,ATL,DAL,30,141,5,3,5,5,52,0,0,0,37.30
40,11220,Dexter McCluster,RB,3,TEN,IND,5,7,1,0,2,1,35,0,0,0,4.20
41,12708,Dion Lewis,RB,3,NE,JAX,8,37,5,1,5,5,30,0,0,0,12.70
42,14385,Doug Martin,RB,3,TB,HOU,14,46,3,0,0,0,0,0,0,0,4.60
43,16144,Dri Archer,RB,3,PIT,LA,0,0,0,0,0,0,0,0,0,0,0.00
44,16838,Duke Johnson,RB,3,CLE,OAK,4,3,1,0,7,6,32,0,0,0,3.50
45,15138,Eddie Lacy,RB,3,GB,KC,10,46,5,0,3,3,41,0,0,0,8.70
46,15616,Fozzy Whittaker,RB,3,CAR,NO,0,0,0,0,1,1,14,0,0,0,1.40
47,5820,Frank Gore,RB,3,IND,TEN,14,86,6,2,2,1,8,0,0,0,21.40
48,5701,Fred Jackson,RB,3,SEA,CHI,2,13,7,0,2,2,9,0,0,0,2.20
49,14916,Giovani Bernard,RB,3,CIN,BAL,13,49,4,0,4,3,34,0,0,0,8.30
50,16127,Isaiah Crowell,RB,3,CLE,OAK,10,36,4,0,0,0,0,0,0,0,3.60
1,16966,Aaron Ripkowski,FB,4,GB,SF,0,0,0,0,0,0,0,0,0,0,0.00
2,4807,Adrian Peterson,RB,4,MIN,DEN,16,81,5,1,6,4,13,0,0,0,15.40
3,16189,Alfred Blue,RB,4,HOU,ATL,6,17,3,0,0,0,0,0,0,0,1.70
4,14269,Alfred Morris,RB,4,WAS,PHI,17,62,4,0,3,2,3,0,0,0,6.50
5,17234,Alonzo Harris,RB,4,GB,SF,0,0,0,0,0,0,0,0,0,0,0.00
6,16815,Ameer Abdullah,RB,4,DET,SEA,13,33,3,0,5,2,11,0,0,0,4.40
7,16402,Andre Williams,RB,4,NYG,BUF,11,35,3,0,1,0,0,0,0,0,5.50
8,12285,Anthony Dixon,RB,4,BUF,NYG,0,0,0,0,3,2,20,0,0,0,2.00
9,13418,Anthony Sherman,FB,4,KC,CIN,0,0,0,0,0,0,0,0,0,0,0.00
10,11792,Arian Foster,RB,4,HOU,ATL,8,10,1,0,5,3,25,0,1,1,1.50
11,15191,Austin Johnson,FB,4,NO,DAL,0,0,0,0,0,0,0,0,0,0,0.00
12,15207,Benjamin Cunningham,RB,4,LA,ARI,2,0,0,0,2,2,4,0,0,0,0.40
13,14687,Bernard Pierce,RB,4,JAX,IND,0,0,0,0,0,0,0,0,0,0,0.00
14,12800,Bilal Powell,RB,4,NYJ,MIA,0,0,0,0,1,1,12,0,0,0,1.20
15,13852,Bobby Rainey,RB,4,TB,CAR,0,0,0,0,0,0,0,0,0,0,0.00
16,16345,Branden Oliver,RB,4,SD,CLE,0,0,0,0,0,0,0,0,0,0,0.00
17,13446,Bruce Miller,FB,4,SF,GB,0,0,0,0,0,0,0,0,0,0,0.00
18,16934,Cameron Artis-Payne,RB,4,CAR,TB,8,25,3,0,0,0,0,0,0,0,2.50
19,16668,Carlos Hyde,RB,4,SF,GB,8,20,3,0,1,1,2,0,0,0,2.20
20,11737,Cedric Peerman,RB,4,CIN,KC,0,0,0,0,0,0,0,0,0,0,0.00
21,16307,Charcandrick West,RB,4,KC,CIN,5,17,3,0,3,1,4,0,0,0,2.10
22,16609,Charles Sims,RB,4,TB,CAR,6,23,4,0,5,3,30,1,0,0,11.30
23,12239,Chris Ivory,RB,4,NYJ,MIA,29,166,6,1,2,0,0,0,0,0,22.60
24,6828,Chris Johnson,RB,4,ARI,LA,16,83,5,0,3,3,11,0,0,0,9.40
25,13735,Chris Polk,RB,4,HOU,ATL,3,27,9,1,4,3,23,0,0,0,11.00
26,15102,Chris Thompson,RB,4,WAS,PHI,6,53,9,0,3,2,24,0,0,0,7.70
27,15256,Christine Michael,RB,4,DAL,NO,1,-1,-1,0,0,0,0,0,0,0,-0.10
28,15498,Cierre Wood,RB,4,BUF,NYG,0,0,0,0,1,1,-6,0,0,0,-0.60
29,15020,CJ Anderson,RB,4,DEN,MIN,11,43,4,0,1,1,27,0,0,0,7.00
30,10949,CJ Spiller,RB,4,NO,DAL,2,10,5,0,5,5,99,1,0,0,16.90
31,17197,Corey Grant,RB,4,JAX,IND,0,0,0,0,0,0,0,0,0,0,0.00
32,16031,Damien Williams,RB,4,MIA,NYJ,0,0,0,0,1,1,1,0,0,0,0.10
33,12317,Danny Woodhead,RB,4,SD,CLE,8,54,7,0,4,4,84,0,0,0,13.80
34,11969,Darrel Young,FB,4,WAS,PHI,1,0,0,0,0,0,0,0,0,0,0.00
35,8066,Darren McFadden,RB,4,DAL,NO,10,31,3,0,0,0,0,0,0,0,3.10
36,6198,Darren Sproles,RB,4,PHI,WAS,4,17,4,0,3,0,0,0,0,0,1.70
37,16847,David Johnson,RB,4,ARI,LA,3,18,6,0,10,4,63,1,1,1,12.10
38,7580,DeAngelo Williams,RB,4,PIT,BAL,2,5,3,0,0,0,0,0,0,0,0.50
39,13124,DeMarco Murray,RB,4,PHI,WAS,8,36,5,0,2,2,12,0,0,0,4.80
40,15631,Derrick Coleman,FB,4,SEA,DET,0,0,0,0,0,0,0,0,0,0,0.00
41,16524,Devonta Freeman,RB,4,ATL,HOU,14,68,5,3,6,5,81,0,0,0,32.90
42,14385,Doug Martin,RB,4,TB,CAR,20,106,5,1,5,5,37,0,0,0,20.30
43,16144,Dri Archer,RB,4,PIT,BAL,0,0,0,0,0,0,0,0,0,0,0.00
44,16838,Duke Johnson,RB,4,CLE,SD,8,31,4,0,10,9,85,1,0,0,17.60
45,15138,Eddie Lacy,RB,4,GB,SF,18,90,5,0,3,1,3,0,0,0,9.30
46,15616,Fozzy Whittaker,RB,4,CAR,TB,0,0,0,0,2,1,10,0,0,0,1.00
47,5820,Frank Gore,RB,4,IND,JAX,17,53,3,0,7,5,34,0,1,1,6.70
48,5701,Fred Jackson,RB,4,SEA,DET,3,21,7,0,4,2,33,0,0,0,5.40
49,14916,Giovani Bernard,RB,4,CIN,KC,13,62,5,1,0,0,0,0,0,0,12.20
50,16127,Isaiah Crowell,RB,4,CLE,SD,12,63,5,0,3,3,62,0,0,0,12.50
1,16966,Aaron Ripkowski,FB,5,GB,LA,0,0,0,0,0,0,0,0,0,0,0.00
2,16189,Alfred Blue,RB,5,HOU,IND,6,22,4,0,1,1,11,0,0,0,3.30
3,14269,Alfred Morris,RB,5,WAS,ATL,8,15,2,0,0,0,0,0,0,0,1.50
4,17234,Alonzo Harris,RB,5,GB,LA,0,0,0,0,0,0,0,0,0,0,0.00
5,16815,Ameer Abdullah,RB,5,DET,ARI,6,16,3,0,2,1,9,0,2,1,0.50
6,15224,Andre Ellington,RB,5,ARI,DET,3,63,21,1,0,0,0,0,0,0,12.30
7,16402,Andre Williams,RB,5,NYG,SF,3,0,0,0,0,0,0,0,0,0,0.00
8,12285,Anthony Dixon,RB,5,BUF,TEN,7,19,3,0,3,3,20,0,0,0,3.90
9,13418,Anthony Sherman,FB,5,KC,CHI,0,0,0,0,0,0,0,0,0,0,0.00
10,16163,Antonio Andrews,RB,5,TEN,BUF,7,9,1,1,4,3,45,0,0,0,11.40
11,11792,Arian Foster,RB,5,HOU,IND,19,41,2,0,10,9,77,0,0,0,11.80
12,15207,Benjamin Cunningham,RB,5,LA,GB,0,0,0,0,2,2,28,0,0,0,2.80
13,14687,Bernard Pierce,RB,5,JAX,TB,2,6,3,0,0,0,0,0,0,0,0.60
14,16178,Bishop Sankey,RB,5,TEN,BUF,7,20,3,0,3,3,23,0,1,0,4.30
15,13852,Bobby Rainey,RB,5,TB,JAX,0,0,0,0,0,0,0,0,0,0,0.00
16,16345,Branden Oliver,RB,5,SD,PIT,0,0,0,0,0,0,0,0,0,0,0.00
17,13741,Brandon Bolden,RB,5,NE,DAL,0,0,0,0,0,0,0,0,0,0,0.00
18,13446,Bruce Miller,FB,5,SF,NYG,0,0,0,0,2,2,23,0,0,0,2.30
19,16668,Carlos Hyde,RB,5,SF,NYG,21,93,4,1,5,1,4,0,0,0,15.70
20,11737,Cedric Peerman,RB,5,CIN,SEA,0,0,0,0,0,0,0,0,0,0,0.00
21,16307,Charcandrick West,RB,5,KC,CHI,7,31,4,0,2,1,5,0,0,0,3.60
22,16609,Charles Sims,RB,5,TB,JAX,12,51,4,0,4,4,85,0,0,0,13.60
23,15596,Chase Reynolds,RB,5,LA,GB,0,0,0,0,0,0,0,0,0,0,0.00
24,6828,Chris Johnson,RB,5,ARI,DET,11,103,9,0,0,0,0,0,0,0,10.30
25,13735,Chris Polk,RB,5,HOU,IND,1,5,5,0,3,2,17,0,0,0,2.20
26,15102,Chris Thompson,RB,5,WAS,ATL,3,15,5,0,7,6,33,0,0,0,4.80
27,15256,Christine Michael,RB,5,DAL,NE,1,6,6,0,0,0,0,0,0,0,0.60
28,15498,Cierre Wood,RB,5,BUF,TEN,2,3,2,0,0,0,0,0,0,0,0.30
29,15020,CJ Anderson,RB,5,DEN,OAK,11,22,2,0,2,2,18,0,0,0,4.00
30,10949,CJ Spiller,RB,5,NO,PHI,3,10,3,0,4,3,-8,0,0,0,0.20
31,17197,Corey Grant,RB,5,JAX,TB,2,-6,-3,0,0,0,0,0,1,1,-2.60
32,14788,Dan Herron,RB,5,BUF,TEN,9,28,3,0,0,0,0,0,1,0,2.80
33,12317,Danny Woodhead,RB,5,SD,PIT,4,10,3,0,7,5,66,0,0,0,7.60
34,11969,Darrel Young,FB,5,WAS,ATL,0,0,0,0,0,0,0,0,0,0,0.00
35,8066,Darren McFadden,RB,5,DAL,NE,5,16,3,0,10,9,62,0,0,0,7.80
36,6198,Darren Sproles,RB,5,PHI,NO,5,27,5,0,2,1,10,0,0,0,3.70
37,16847,David Johnson,RB,5,ARI,DET,3,6,2,2,0,0,0,0,0,0,12.60
38,7580,DeAngelo Williams,RB,5,PIT,SD,5,20,4,0,0,0,0,0,0,0,2.00
39,13124,DeMarco Murray,RB,5,PHI,NO,20,83,4,1,8,7,37,0,0,0,18.00
40,15631,Derrick Coleman,FB,5,SEA,CIN,0,0,0,0,0,0,0,0,0,0,0.00
41,16524,Devonta Freeman,RB,5,ATL,WAS,27,153,6,1,8,7,44,0,1,0,25.70
42,11220,Dexter McCluster,RB,5,TEN,BUF,8,20,3,0,1,1,-2,0,0,0,1.80
43,12708,Dion Lewis,RB,5,NE,DAL,6,34,6,0,11,8,59,1,0,0,15.30
44,14385,Doug Martin,RB,5,TB,JAX,24,123,5,2,3,3,35,1,0,0,33.80
45,16144,Dri Archer,RB,5,PIT,SD,0,0,0,0,0,0,0,0,0,0,0.00
46,16838,Duke Johnson,RB,5,CLE,BAL,9,22,2,0,8,6,55,0,0,0,7.70
47,15138,Eddie Lacy,RB,5,GB,LA,13,27,2,0,1,1,8,0,0,0,3.50
48,5820,Frank Gore,RB,5,IND,HOU,22,98,5,1,0,0,0,0,0,0,15.80
49,5701,Fred Jackson,RB,5,SEA,CIN,2,5,3,0,3,3,29,0,0,0,3.40
50,14916,Giovani Bernard,RB,5,CIN,SEA,15,80,5,0,8,5,21,0,0,0,10.10
1,16966,Aaron Ripkowski,FB,6,GB,SD,0,0,0,0,0,0,0,0,0,0,0.00
2,4807,Adrian Peterson,RB,6,MIN,KC,26,60,2,0,1,1,-3,0,1,0,5.70
3,2220,Ahmad Bradshaw,RB,6,IND,NE,4,8,2,0,1,1,8,0,0,0,1.60
4,16189,Alfred Blue,RB,6,HOU,JAX,0,0,0,0,0,0,0,0,0,0,0.00
5,14269,Alfred Morris,RB,6,WAS,NYJ,11,21,2,0,1,1,11,0,0,0,3.20
6,16815,Ameer Abdullah,RB,6,DET,CHI,14,48,3,0,4,3,21,0,1,0,6.90
7,15224,Andre Ellington,RB,6,ARI,PIT,1,7,7,0,2,2,47,0,0,0,5.40
8,16402,Andre Williams,RB,6,NYG,PHI,5,6,1,0,0,0,0,0,0,0,0.60
9,12285,Anthony Dixon,RB,6,BUF,CIN,0,0,0,0,0,0,0,0,0,0,0.00
10,13418,Anthony Sherman,FB,6,KC,MIN,1,0,0,0,1,1,13,0,0,0,1.30
11,16163,Antonio Andrews,RB,6,TEN,MIA,9,23,3,0,1,1,2,0,0,0,2.50
12,11792,Arian Foster,RB,6,HOU,JAX,18,53,3,0,6,5,59,1,1,0,17.20
13,15191,Austin Johnson,FB,6,NO,ATL,0,0,0,0,0,0,0,0,0,0,0.00
14,12800,Bilal Powell,RB,6,NYJ,WAS,4,-2,-1,0,1,1,1,0,0,0,-0.10
15,16178,Bishop Sankey,RB,6,TEN,MIA,3,13,4,0,3,1,7,0,0,0,2.00
16,16345,Branden Oliver,RB,6,SD,GB,7,23,3,0,4,4,40,0,0,0,6.30
17,13741,Brandon Bolden,RB,6,NE,IND,0,0,0,0,0,0,0,0,0,0,0.00
18,13446,Bruce Miller,FB,6,SF,BAL,0,0,0,0,3,3,89,0,0,0,8.90
19,16668,Carlos Hyde,RB,6,SF,BAL,21,55,3,0,2,2,5,0,0,0,6.00
20,11737,Cedric Peerman,RB,6,CIN,BUF,0,0,0,0,0,0,0,0,0,0,0.00
21,16307,Charcandrick West,RB,6,KC,MIN,9,33,4,0,2,1,6,0,1,1,1.90
22,12239,Chris Ivory,RB,6,NYJ,WAS,20,146,7,1,3,3,50,0,0,0,25.60
23,6828,Chris Johnson,RB,6,ARI,PIT,14,40,3,0,1,1,5,0,0,0,4.50
24,13735,Chris Polk,RB,6,HOU,JAX,8,37,5,0,2,1,2,0,0,0,3.90
25,15102,Chris Thompson,RB,6,WAS,NYJ,5,12,2,0,10,6,26,0,0,0,3.80
26,15020,CJ Anderson,RB,6,DEN,CLE,13,41,3,0,4,4,25,0,0,0,6.60
27,10949,CJ Spiller,RB,6,NO,ATL,3,10,3,0,5,4,17,0,0,0,2.70
28,17197,Corey Grant,RB,6,JAX,HOU,1,1,1,0,0,0,0,0,0,0,0.10
29,16031,Damien Williams,RB,6,MIA,TEN,2,5,3,0,0,0,0,0,1,0,0.50
30,14788,Dan Herron,RB,6,BUF,CIN,0,0,0,0,2,2,17,0,0,0,1.70
31,12317,Danny Woodhead,RB,6,SD,GB,7,8,1,0,7,5,63,0,0,0,7.10
32,11969,Darrel Young,FB,6,WAS,NYJ,0,0,0,0,1,1,8,0,0,0,0.80
33,6198,Darren Sproles,RB,6,PHI,NYG,2,4,2,0,2,1,3,0,0,0,0.70
34,16847,David Johnson,RB,6,ARI,PIT,3,9,3,0,1,1,8,0,1,0,1.70
35,7580,DeAngelo Williams,RB,6,PIT,ARI,1,-1,-1,0,0,0,0,0,0,0,-0.10
36,13124,DeMarco Murray,RB,6,PHI,NYG,21,112,5,1,4,3,14,0,1,0,18.60
37,15018,Denard Robinson,RB,6,JAX,HOU,7,19,3,0,3,3,19,0,0,0,3.80
38,16524,Devonta Freeman,RB,6,ATL,NO,13,100,8,1,10,8,56,1,0,0,27.60
39,11220,Dexter McCluster,RB,6,TEN,MIA,5,23,5,0,4,3,19,1,0,0,10.20
40,12708,Dion Lewis,RB,6,NE,IND,4,21,5,0,6,3,18,0,0,0,3.90
41,8604,Donald Brown,RB,6,SD,GB,0,0,0,0,0,0,0,0,0,0,0.00
42,16144,Dri Archer,RB,6,PIT,ARI,0,0,0,0,0,0,0,0,0,0,0.00
43,16838,Duke Johnson,RB,6,CLE,DEN,9,38,4,0,4,3,18,0,0,0,5.60
44,15138,Eddie Lacy,RB,6,GB,SD,4,3,1,0,2,2,17,0,1,0,2.00
45,15616,Fozzy Whittaker,RB,6,CAR,SEA,1,2,2,0,2,2,21,0,0,0,2.30
46,5820,Frank Gore,RB,6,IND,NE,13,78,6,0,3,2,16,0,0,0,9.40
47,5701,Fred Jackson,RB,6,SEA,CAR,0,0,0,0,2,2,7,0,0,0,0.70
48,14916,Giovani Bernard,RB,6,CIN,BUF,8,50,6,1,2,1,23,0,0,0,13.30
49,16127,Isaiah Crowell,RB,6,CLE,DEN,11,32,3,0,2,2,9,0,0,0,4.10
50,16869,Jalston Fowler,RB,6,TEN,MIA,0,0,0,0,0,0,0,0,0,0,0.00
1,4807,Adrian Peterson,RB,7,MIN,DET,19,98,5,0,3,3,12,0,0,0,11.00
2,2220,Ahmad Bradshaw,RB,7,IND,NO,1,5,5,0,2,1,8,0,0,0,1.30
3,16189,Alfred Blue,RB,7,HOU,MIA,3,8,3,0,0,0,0,0,0,0,0.80
4,14269,Alfred Morris,RB,7,WAS,TB,6,5,1,0,1,1,2,0,0,0,0.70
5,16815,Ameer Abdullah,RB,7,DET,MIN,8,43,5,0,0,0,0,0,0,0,4.30
6,15224,Andre Ellington,RB,7,ARI,BAL,5,21,4,0,4,3,28,0,0,0,4.90
7,16402,Andre Williams,RB,7,NYG,DAL,4,13,3,0,0,0,0,0,0,0,1.30
8,12285,Anthony Dixon,RB,7,BUF,JAX,0,0,0,0,0,0,0,0,0,0,0.00
9,13418,Anthony Sherman,FB,7,KC,PIT,0,0,0,0,0,0,0,0,0,0,0.00
10,16163,Antonio Andrews,RB,7,TEN,ATL,10,57,6,0,0,0,0,0,0,0,5.70
11,11792,Arian Foster,RB,7,HOU,MIA,18,59,3,1,7,5,66,1,0,0,24.50
12,15207,Benjamin Cunningham,RB,7,LA,CLE,4,11,3,0,2,2,13,0,0,0,2.40
13,14687,Bernard Pierce,RB,7,JAX,BUF,0,0,0,0,0,0,0,0,0,0,0.00
14,16178,Bishop Sankey,RB,7,TEN,ATL,0,0,0,0,1,0,0,0,0,0,0.00
15,13852,Bobby Rainey,RB,7,TB,WAS,0,0,0,0,1,1,4,0,0,0,0.40
16,16345,Branden Oliver,RB,7,SD,OAK,9,35,4,0,7,6,39,0,0,0,7.40
17,13446,Bruce Miller,FB,7,SF,SEA,0,0,0,0,0,0,0,0,0,0,0.00
18,16934,Cameron Artis-Payne,RB,7,CAR,PHI,1,0,0,0,0,0,0,0,0,0,0.00
19,16668,Carlos Hyde,RB,7,SF,SEA,11,40,4,0,0,0,0,0,1,0,4.00
20,16307,Charcandrick West,RB,7,KC,PIT,22,110,5,1,5,2,19,0,0,0,18.90
21,16609,Charles Sims,RB,7,TB,WAS,10,49,5,0,3,2,17,0,1,1,4.60
22,15596,Chase Reynolds,RB,7,LA,CLE,0,0,0,0,0,0,0,0,0,0,0.00
23,12239,Chris Ivory,RB,7,NYJ,NE,17,41,2,0,2,2,12,1,0,0,11.30
24,6828,Chris Johnson,RB,7,ARI,BAL,18,122,7,1,0,0,0,0,0,0,18.20
25,13735,Chris Polk,RB,7,HOU,MIA,4,4,1,0,3,2,14,0,0,0,1.80
26,15256,Christine Michael,RB,7,DAL,NYG,5,18,4,0,1,1,2,0,0,0,2.00
27,10949,CJ Spiller,RB,7,NO,IND,4,16,4,0,6,6,32,0,0,0,4.80
28,16031,Damien Williams,RB,7,MIA,HOU,4,19,5,0,2,2,10,0,1,1,0.90
29,14788,Dan Herron,RB,7,BUF,JAX,2,9,5,0,1,1,3,0,0,0,1.20
30,12317,Danny Woodhead,RB,7,SD,OAK,5,26,5,0,12,11,75,2,0,0,22.10
31,11969,Darrel Young,FB,7,WAS,TB,1,1,1,0,0,0,0,0,0,0,0.10
32,8066,Darren McFadden,RB,7,DAL,NYG,29,152,5,1,2,2,10,0,0,0,22.20
33,6198,Darren Sproles,RB,7,PHI,CAR,3,9,3,0,10,5,31,0,0,0,4.00
34,16847,David Johnson,RB,7,ARI,BAL,3,5,2,0,2,2,19,0,0,0,2.40
35,7580,DeAngelo Williams,RB,7,PIT,KC,4,9,2,0,2,1,8,0,0,0,1.70
36,13124,DeMarco Murray,RB,7,PHI,CAR,18,65,4,0,4,2,5,0,0,0,7.00
37,15018,Denard Robinson,RB,7,JAX,BUF,0,0,0,0,0,0,0,0,0,0,0.00
38,16524,Devonta Freeman,RB,7,ATL,TEN,25,116,5,0,3,2,14,0,0,0,13.00
39,11220,Dexter McCluster,RB,7,TEN,ATL,5,20,4,0,8,6,48,0,0,0,6.80
40,8604,Donald Brown,RB,7,SD,OAK,0,0,0,0,0,0,0,0,0,0,0.00
41,14385,Doug Martin,RB,7,TB,WAS,19,136,7,0,3,3,35,0,0,0,17.10
42,16144,Dri Archer,RB,7,PIT,KC,0,0,0,0,0,0,0,0,0,0,0.00
43,16838,Duke Johnson,RB,7,CLE,LA,6,17,3,0,7,7,73,0,0,0,9.00
44,15616,Fozzy Whittaker,RB,7,CAR,PHI,0,0,0,0,1,0,0,0,0,0,0.00
45,5820,Frank Gore,RB,7,IND,NO,9,43,5,0,8,5,32,0,0,0,7.50
46,5701,Fred Jackson,RB,7,SEA,SF,1,2,2,0,4,4,33,0,0,0,3.50
47,15497,George Winn,RB,7,DET,MIN,1,0,0,0,0,0,0,0,0,0,0.00
48,16127,Isaiah Crowell,RB,7,CLE,LA,8,9,1,0,0,0,0,0,0,0,0.90
49,16869,Jalston Fowler,RB,7,TEN,ATL,0,0,0,0,0,0,0,0,0,0,0.00
50,16056,James White,RB,7,NE,NYJ,2,4,2,0,5,3,26,0,0,0,3.00
1,16966,Aaron Ripkowski,FB,8,GB,DEN,0,0,0,0,0,0,0,0,0,0,0.00
2,4807,Adrian Peterson,RB,8,MIN,CHI,20,103,5,0,2,2,6,0,0,0,10.90
3,2220,Ahmad Bradshaw,RB,8,IND,CAR,7,31,4,0,1,0,0,0,0,0,3.10
4,16189,Alfred Blue,RB,8,HOU,TEN,14,39,3,0,5,5,33,0,0,0,7.20
5,17234,Alonzo Harris,RB,8,GB,DEN,2,2,1,0,0,0,0,0,0,0,0.20
6,16815,Ameer Abdullah,RB,8,DET,KC,1,3,3,0,2,0,0,0,0,0,0.30
7,15224,Andre Ellington,RB,8,ARI,CLE,3,0,0,0,1,0,0,0,0,0,0.00
8,16402,Andre Williams,RB,8,NYG,NO,5,7,1,0,0,0,0,0,0,0,0.70
9,13418,Anthony Sherman,FB,8,KC,DET,0,0,0,0,0,0,0,0,0,0,0.00
10,11439,Antone Smith,RB,8,CHI,MIN,0,0,0,0,0,0,0,0,0,0,0.00
11,16163,Antonio Andrews,RB,8,TEN,HOU,16,64,4,0,3,3,18,0,0,0,8.20
12,15191,Austin Johnson,FB,8,NO,NYG,0,0,0,0,0,0,0,0,0,0,0.00
13,15207,Benjamin Cunningham,RB,8,LA,SF,0,0,0,0,0,0,0,0,0,0,0.00
14,16178,Bishop Sankey,RB,8,TEN,HOU,0,0,0,0,0,0,0,0,1,1,-2.00
15,13852,Bobby Rainey,RB,8,TB,ATL,0,0,0,0,0,0,0,0,0,0,0.00
16,16345,Branden Oliver,RB,8,SD,BAL,4,18,5,0,2,2,16,0,0,0,3.40
17,13741,Brandon Bolden,RB,8,NE,MIA,0,0,0,0,0,0,0,0,0,0,0.00
18,13446,Bruce Miller,FB,8,SF,LA,0,0,0,0,1,0,0,0,0,0,0.00
19,11737,Cedric Peerman,RB,8,CIN,PIT,0,0,0,0,0,0,0,0,0,0,0.00
20,16307,Charcandrick West,RB,8,KC,DET,20,97,5,1,6,4,25,0,0,0,18.20
21,16609,Charles Sims,RB,8,TB,ATL,6,22,4,0,4,3,24,0,0,0,4.60
22,15596,Chase Reynolds,RB,8,LA,SF,0,0,0,0,0,0,0,0,0,0,0.00
23,12239,Chris Ivory,RB,8,NYJ,OAK,15,17,1,0,5,3,24,0,0,0,4.10
24,6828,Chris Johnson,RB,8,ARI,CLE,30,109,4,0,1,0,0,0,2,2,6.90
25,13735,Chris Polk,RB,8,HOU,TEN,8,18,2,0,2,1,4,0,0,0,2.20
26,15256,Christine Michael,RB,8,DAL,SEA,5,20,4,0,2,0,0,0,0,0,2.00
27,15020,CJ Anderson,RB,8,DEN,GB,14,101,7,1,1,1,5,0,0,0,16.60
28,10949,CJ Spiller,RB,8,NO,NYG,4,21,5,0,4,2,15,1,0,0,9.60
29,16031,Damien Williams,RB,8,MIA,NE,0,0,0,0,0,0,0,0,0,0,0.00
30,12317,Danny Woodhead,RB,8,SD,BAL,3,9,3,0,3,2,36,0,0,0,4.50
31,8066,Darren McFadden,RB,8,DAL,SEA,20,64,3,0,8,6,49,0,1,0,11.30
32,16847,David Johnson,RB,8,ARI,CLE,1,4,4,0,2,2,44,0,1,0,4.80
33,7580,DeAngelo Williams,RB,8,PIT,CIN,9,71,8,0,4,4,39,0,0,0,11.00
34,15631,Derrick Coleman,FB,8,SEA,DAL,0,0,0,0,0,0,0,0,0,0,0.00
35,16524,Devonta Freeman,RB,8,ATL,TB,21,88,4,0,8,6,43,0,0,0,13.10
36,11220,Dexter McCluster,RB,8,TEN,HOU,3,15,5,0,6,4,23,0,0,0,3.80
37,12708,Dion Lewis,RB,8,NE,MIA,5,19,4,0,9,6,93,1,0,0,17.20
38,14385,Doug Martin,RB,8,TB,ATL,23,71,3,0,1,1,7,0,0,0,7.80
39,16144,Dri Archer,RB,8,PIT,CIN,0,0,0,0,0,0,0,0,0,0,0.00
40,16838,Duke Johnson,RB,8,CLE,ARI,1,3,3,0,2,2,68,0,0,0,7.10
41,15138,Eddie Lacy,RB,8,GB,DEN,11,38,4,1,2,1,9,0,1,0,10.70
42,15616,Fozzy Whittaker,RB,8,CAR,IND,1,3,3,0,1,0,0,0,1,0,0.30
43,5820,Frank Gore,RB,8,IND,CAR,22,70,3,0,3,3,22,0,1,0,9.20
44,5701,Fred Jackson,RB,8,SEA,DAL,0,0,0,0,1,1,9,0,0,0,0.90
45,15497,George Winn,RB,8,DET,KC,0,0,0,0,0,0,0,0,0,0,0.00
46,14916,Giovani Bernard,RB,8,CIN,PIT,1,12,12,0,3,2,22,0,0,0,3.40
47,16127,Isaiah Crowell,RB,8,CLE,ARI,10,14,1,0,2,1,12,0,0,0,2.60
48,16869,Jalston Fowler,RB,8,TEN,HOU,0,0,0,0,0,0,0,0,0,0,0.00
49,12506,James Starks,RB,8,GB,DEN,5,9,2,0,2,2,9,0,0,0,1.80
50,16056,James White,RB,8,NE,MIA,3,3,1,0,0,0,0,0,0,0,0.30
1,16966,Aaron Ripkowski,FB,9,GB,CAR,0,0,0,0,1,1,18,0,0,0,1.80
2,4807,Adrian Peterson,RB,9,MIN,LA,29,125,4,1,2,2,18,0,2,0,20.30
3,2220,Ahmad Bradshaw,RB,9,IND,DEN,6,3,1,0,2,1,8,1,0,0,7.10
4,14269,Alfred Morris,RB,9,WAS,NE,4,10,3,0,0,0,0,0,0,0,1.00
5,17234,Alonzo Harris,RB,9,GB,CAR,0,0,0,0,0,0,0,0,0,0,0.00
6,16402,Andre Williams,RB,9,NYG,TB,7,30,4,0,1,1,7,0,0,0,3.70
7,12285,Anthony Dixon,RB,9,BUF,MIA,0,0,0,0,0,0,0,0,0,0,0.00
8,11439,Antone Smith,RB,9,CHI,SD,1,11,11,0,0,0,0,0,0,0,1.10
9,16163,Antonio Andrews,RB,9,TEN,NO,19,88,5,0,2,1,23,0,0,0,11.10
10,15207,Benjamin Cunningham,RB,9,LA,MIN,0,0,0,0,0,0,0,0,0,0,0.00
11,14687,Bernard Pierce,RB,9,JAX,NYJ,0,0,0,0,0,0,0,0,0,0,0.00
12,13852,Bobby Rainey,RB,9,TB,NYG,1,3,3,0,0,0,0,0,1,0,0.30
13,13741,Brandon Bolden,RB,9,NE,WAS,1,12,12,0,4,3,27,1,0,0,9.90
14,13446,Bruce Miller,FB,9,SF,ATL,2,4,2,0,0,0,0,0,0,0,0.40
15,11737,Cedric Peerman,RB,9,CIN,CLE,0,0,0,0,0,0,0,0,0,0,0.00
16,16609,Charles Sims,RB,9,TB,NYG,8,78,10,0,2,1,4,0,1,1,6.20
17,12239,Chris Ivory,RB,9,NYJ,JAX,23,26,1,2,3,3,22,0,1,0,16.80
18,15102,Chris Thompson,RB,9,WAS,NE,0,0,0,0,4,2,21,0,0,0,2.10
19,15020,CJ Anderson,RB,9,DEN,IND,7,34,5,0,2,1,4,0,0,0,3.80
20,10949,CJ Spiller,RB,9,NO,TEN,2,8,4,0,2,1,2,0,0,0,1.00
21,16031,Damien Williams,RB,9,MIA,BUF,0,0,0,0,0,0,0,0,1,0,0.00
22,12317,Danny Woodhead,RB,9,SD,CHI,6,33,6,0,10,6,78,1,0,0,17.10
23,11969,Darrel Young,FB,9,WAS,NE,0,0,0,0,0,0,0,0,0,0,0.00
24,8066,Darren McFadden,RB,9,DAL,PHI,27,117,4,0,2,1,5,0,0,0,12.20
25,6198,Darren Sproles,RB,9,PHI,DAL,5,23,5,0,3,2,3,0,0,0,2.60
26,7580,DeAngelo Williams,RB,9,PIT,OAK,27,170,6,2,4,2,55,0,0,0,36.50
27,13124,DeMarco Murray,RB,9,PHI,DAL,18,83,5,1,7,6,78,0,0,0,22.10
28,15018,Denard Robinson,RB,9,JAX,NYJ,1,2,2,0,1,0,0,0,0,0,0.20
29,16524,Devonta Freeman,RB,9,ATL,SF,12,12,1,0,10,8,67,1,0,0,13.90
30,11220,Dexter McCluster,RB,9,TEN,NO,8,19,2,0,4,2,28,0,1,1,2.70
31,12708,Dion Lewis,RB,9,NE,WAS,4,14,4,0,5,4,39,0,0,0,5.30
32,8604,Donald Brown,RB,9,SD,CHI,2,13,7,0,0,0,0,0,0,0,1.30
33,14385,Doug Martin,RB,9,TB,NYG,11,31,3,0,4,2,12,0,1,1,2.30
34,16838,Duke Johnson,RB,9,CLE,CIN,3,0,0,0,4,2,38,1,0,0,9.80
35,15138,Eddie Lacy,RB,9,GB,CAR,5,10,2,0,1,0,0,0,1,1,-1.00
36,15616,Fozzy Whittaker,RB,9,CAR,GB,2,13,7,0,0,0,0,0,0,0,1.30
37,5820,Frank Gore,RB,9,IND,DEN,28,83,3,1,3,1,19,0,0,0,16.20
38,14916,Giovani Bernard,RB,9,CIN,CLE,13,72,6,0,1,1,14,0,0,0,8.60
39,16127,Isaiah Crowell,RB,9,CLE,CIN,10,38,4,0,4,3,26,0,0,0,6.40
40,16869,Jalston Fowler,RB,9,TEN,NO,0,0,0,0,0,0,0,0,0,0,0.00
41,12506,James Starks,RB,9,GB,CAR,10,39,4,0,8,6,83,1,0,0,18.20
42,14789,Jamize Olawale,FB,9,OAK,PIT,1,19,19,1,0,0,0,0,0,0,7.90
43,16909,Jay Ajayi,RB,9,MIA,BUF,5,41,8,0,0,0,0,0,0,0,4.10
44,16112,Jeremy Hill,RB,9,CIN,CLE,15,52,4,0,1,1,0,0,0,0,5.20
45,16867,Jeremy Langford,RB,9,CHI,SD,18,72,4,1,4,3,70,0,0,0,22.20
46,16510,Jerick McKinnon,RB,9,MIN,LA,0,0,0,0,2,2,11,0,0,0,1.10
47,733,Jerome Felton,FB,9,BUF,MIA,0,0,0,0,0,0,0,0,0,0,0.00
48,1589,John Kuhn,FB,9,GB,CAR,0,0,0,0,0,0,0,0,0,0,0.00
49,15565,Jonas Gray,RB,9,MIA,BUF,0,0,0,0,0,0,0,0,0,0,0.00
50,5451,Jonathan Stewart,RB,9,CAR,GB,20,66,3,0,2,1,2,0,0,0,6.80
1,16966,Aaron Ripkowski,FB,10,GB,DET,0,0,0,0,0,0,0,0,0,0,0.00
2,4807,Adrian Peterson,RB,10,MIN,OAK,26,203,8,1,3,2,13,0,0,0,27.60
3,16189,Alfred Blue,RB,10,HOU,CIN,12,22,2,0,1,1,9,0,0,0,3.10
4,14269,Alfred Morris,RB,10,WAS,NO,15,92,6,0,3,3,14,0,0,0,10.60
5,17234,Alonzo Harris,RB,10,GB,DET,0,0,0,0,1,0,0,0,0,0,0.00
6,16815,Ameer Abdullah,RB,10,DET,GB,5,15,3,0,1,1,7,0,0,0,2.20
7,15224,Andre Ellington,RB,10,ARI,SEA,5,61,12,1,4,3,27,0,0,0,14.80
8,16402,Andre Williams,RB,10,NYG,NE,2,2,1,0,0,0,0,0,0,0,0.20
9,12285,Anthony Dixon,RB,10,BUF,NYJ,0,0,0,0,0,0,0,0,0,0,0.00
10,13418,Anthony Sherman,FB,10,KC,DEN,0,0,0,0,0,0,0,0,0,0,0.00
11,11439,Antone Smith,RB,10,CHI,LA,0,0,0,0,0,0,0,0,0,0,0.00
12,16163,Antonio Andrews,RB,10,TEN,CAR,11,8,1,0,0,0,0,0,0,0,0.80
13,15207,Benjamin Cunningham,RB,10,LA,CHI,0,0,0,0,2,1,2,0,0,0,0.20
14,16178,Bishop Sankey,RB,10,TEN,CAR,2,7,4,0,0,0,0,0,0,0,0.70
15,13852,Bobby Rainey,RB,10,TB,DAL,0,0,0,0,0,0,0,0,1,0,0.00
16,13741,Brandon Bolden,RB,10,NE,NYG,1,-3,-3,0,1,0,0,0,0,0,-0.30
17,13719,Bryce Brown,RB,10,SEA,ARI,0,0,0,0,0,0,0,0,0,0,0.00
18,11737,Cedric Peerman,RB,10,CIN,HOU,0,0,0,0,0,0,0,0,0,0,0.00
19,16307,Charcandrick West,RB,10,KC,DEN,24,69,3,1,5,3,92,1,0,0,28.10
20,16609,Charles Sims,RB,10,TB,DAL,5,18,4,0,5,2,13,0,0,0,3.10
21,15596,Chase Reynolds,RB,10,LA,CHI,0,0,0,0,0,0,0,0,0,0,0.00
22,12239,Chris Ivory,RB,10,NYJ,BUF,18,99,6,0,3,2,36,0,1,1,11.50
23,6828,Chris Johnson,RB,10,ARI,SEA,25,58,2,0,2,0,0,0,0,0,5.80
24,13735,Chris Polk,RB,10,HOU,CIN,4,14,4,0,0,0,0,0,0,0,1.40
25,15102,Chris Thompson,RB,10,WAS,NO,2,54,27,0,1,1,23,0,0,0,7.70
26,15256,Christine Michael,RB,10,DAL,TB,3,8,3,0,0,0,0,0,0,0,0.80
27,15020,CJ Anderson,RB,10,DEN,KC,2,9,5,0,1,0,0,0,0,0,0.90
28,10949,CJ Spiller,RB,10,NO,WAS,8,24,3,0,2,2,10,0,1,0,3.40
29,16031,Damien Williams,RB,10,MIA,PHI,0,0,0,0,1,0,0,0,0,0,0.00
30,14788,Dan Herron,RB,10,BUF,NYJ,0,0,0,0,0,0,0,0,0,0,0.00
31,11969,Darrel Young,FB,10,WAS,NO,3,7,2,0,1,1,-1,0,1,0,0.60
32,8066,Darren McFadden,RB,10,DAL,TB,17,32,2,0,4,3,26,0,0,0,5.80
33,6198,Darren Sproles,RB,10,PHI,MIA,3,0,0,0,6,5,34,0,0,0,3.40
34,16847,David Johnson,RB,10,ARI,SEA,0,0,0,0,1,1,8,0,0,0,0.80
35,7580,DeAngelo Williams,RB,10,PIT,CLE,17,54,3,0,2,1,15,0,1,0,6.90
36,13124,DeMarco Murray,RB,10,PHI,MIA,22,61,3,0,8,6,58,0,0,0,11.90
37,15018,Denard Robinson,RB,10,JAX,BAL,1,1,1,0,2,0,0,0,0,0,0.10
38,15631,Derrick Coleman,FB,10,SEA,ARI,0,0,0,0,0,0,0,0,0,0,0.00
39,11220,Dexter McCluster,RB,10,TEN,CAR,3,25,8,1,5,4,27,0,1,1,9.20
40,14385,Doug Martin,RB,10,TB,DAL,18,63,4,0,4,4,40,0,0,0,10.30
41,16838,Duke Johnson,RB,10,CLE,PIT,4,10,3,0,4,4,18,0,0,0,2.80
42,15616,Fozzy Whittaker,RB,10,CAR,TEN,0,0,0,0,0,0,0,0,0,0,0.00
43,5701,Fred Jackson,RB,10,SEA,ARI,0,0,0,0,0,0,0,0,0,0,0.00
44,15497,George Winn,RB,10,DET,GB,0,0,0,0,0,0,0,0,0,0,0.00
45,14916,Giovani Bernard,RB,10,CIN,HOU,8,36,5,0,8,5,43,0,0,0,7.90
46,16740,Glenn Winston,RB,10,CLE,PIT,0,0,0,0,0,0,0,0,0,0,0.00
47,16127,Isaiah Crowell,RB,10,CLE,PIT,6,-5,-1,0,2,1,4,0,0,0,-0.10
48,16869,Jalston Fowler,RB,10,TEN,CAR,0,0,0,0,1,1,14,0,0,0,1.40
49,12506,James Starks,RB,10,GB,DET,15,42,3,0,7,6,54,0,1,0,9.60
50,16056,James White,RB,10,NE,NYG,1,5,5,0,1,1,6,0,0,0,1.10
1,16966,Aaron Ripkowski,FB,11,GB,MIN,0,0,0,0,0,0,0,0,0,0,0.00
2,4807,Adrian Peterson,RB,11,MIN,GB,13,45,4,1,2,2,16,0,1,1,10.10
3,2220,Ahmad Bradshaw,RB,11,IND,ATL,9,32,4,0,4,4,20,2,0,0,17.20
4,17199,Akeem Hunt,RB,11,HOU,NYJ,2,4,2,0,1,0,0,0,0,0,0.40
5,16189,Alfred Blue,RB,11,HOU,NYJ,21,58,3,0,3,3,34,1,0,0,15.20
6,14269,Alfred Morris,RB,11,WAS,CAR,2,0,0,0,0,0,0,0,0,0,0.00
7,16815,Ameer Abdullah,RB,11,DET,OAK,12,44,4,0,2,1,2,0,0,0,4.60
8,15224,Andre Ellington,RB,11,ARI,CIN,2,2,1,0,2,1,5,0,0,0,0.70
9,12285,Anthony Dixon,RB,11,BUF,NE,0,0,0,0,0,0,0,0,0,0,0.00
10,13418,Anthony Sherman,FB,11,KC,SD,0,0,0,0,0,0,0,0,0,0,0.00
11,11439,Antone Smith,RB,11,CHI,DEN,0,0,0,0,0,0,0,0,0,0,0.00
12,16163,Antonio Andrews,RB,11,TEN,JAX,15,78,5,0,2,2,16,0,0,0,9.40
13,15207,Benjamin Cunningham,RB,11,LA,BAL,1,0,0,0,2,1,20,0,0,0,2.00
14,12800,Bilal Powell,RB,11,NYJ,HOU,4,22,6,0,7,5,67,0,0,0,8.90
15,13852,Bobby Rainey,RB,11,TB,PHI,1,5,5,0,0,0,0,0,1,0,0.50
16,13741,Brandon Bolden,RB,11,NE,BUF,4,15,4,0,1,0,0,0,0,0,1.50
17,13446,Bruce Miller,FB,11,SF,SEA,0,0,0,0,0,0,0,0,0,0,0.00
18,11737,Cedric Peerman,RB,11,CIN,ARI,0,0,0,0,0,0,0,0,0,0,0.00
19,16307,Charcandrick West,RB,11,KC,SD,11,16,2,0,2,2,48,0,0,0,6.40
20,16609,Charles Sims,RB,11,TB,PHI,10,43,4,0,4,3,26,1,0,0,12.90
21,15596,Chase Reynolds,RB,11,LA,BAL,0,0,0,0,0,0,0,0,0,0,0.00
22,12239,Chris Ivory,RB,11,NYJ,HOU,8,36,5,0,1,1,9,0,1,0,4.50
23,6828,Chris Johnson,RB,11,ARI,CIN,18,63,4,0,2,1,2,0,0,0,6.50
24,15102,Chris Thompson,RB,11,WAS,CAR,4,10,3,0,4,3,7,0,1,0,1.70
25,15020,CJ Anderson,RB,11,DEN,CHI,12,59,5,0,2,2,13,0,0,0,7.20
26,16031,Damien Williams,RB,11,MIA,DAL,0,0,0,0,0,0,0,0,0,0,0.00
27,12317,Danny Woodhead,RB,11,SD,KC,6,7,1,0,2,1,9,0,0,0,1.60
28,11969,Darrel Young,FB,11,WAS,CAR,0,0,0,0,0,0,0,0,0,0,0.00
29,8066,Darren McFadden,RB,11,DAL,MIA,29,129,4,0,3,3,20,0,0,0,14.90
30,6198,Darren Sproles,RB,11,PHI,TB,6,21,4,0,7,3,38,1,0,0,11.90
31,16898,David Cobb,RB,11,TEN,JAX,4,-3,-1,0,0,0,0,0,0,0,-0.30
32,16847,David Johnson,RB,11,ARI,CIN,2,9,5,0,2,2,17,1,1,0,8.60
33,13124,DeMarco Murray,RB,11,PHI,TB,13,64,5,0,5,4,27,0,1,1,7.10
34,15018,Denard Robinson,RB,11,JAX,TEN,7,27,4,0,0,0,0,0,0,0,2.70
35,15631,Derrick Coleman,FB,11,SEA,SF,0,0,0,0,0,0,0,0,0,0,0.00
36,16524,Devonta Freeman,RB,11,ATL,IND,3,43,14,0,0,0,0,0,0,0,4.30
37,11220,Dexter McCluster,RB,11,TEN,JAX,2,0,0,0,2,2,18,0,0,0,1.80
38,8604,Donald Brown,RB,11,SD,KC,0,0,0,0,0,0,0,0,0,0,0.00
39,14385,Doug Martin,RB,11,TB,PHI,27,235,9,0,1,0,0,0,0,0,23.50
40,15138,Eddie Lacy,RB,11,GB,MIN,22,100,5,0,2,1,6,0,0,0,10.60
41,15616,Fozzy Whittaker,RB,11,CAR,WAS,2,6,3,0,1,1,2,0,0,0,0.80
42,5820,Frank Gore,RB,11,IND,ATL,14,34,2,0,5,5,46,0,1,1,6.00
43,5701,Fred Jackson,RB,11,SEA,SF,4,11,3,0,2,2,11,0,0,0,2.20
44,15497,George Winn,RB,11,DET,OAK,0,0,0,0,0,0,0,0,0,0,0.00
45,14916,Giovani Bernard,RB,11,CIN,ARI,6,18,3,0,10,8,128,0,1,0,14.60
46,16869,Jalston Fowler,RB,11,TEN,JAX,0,0,0,0,1,1,2,0,0,0,0.20
47,12506,James Starks,RB,11,GB,MIN,8,14,2,0,1,1,30,0,0,0,4.40
48,16056,James White,RB,11,NE,BUF,2,14,7,1,3,2,32,1,0,0,16.60
49,14789,Jamize Olawale,FB,11,OAK,DET,4,12,3,0,1,1,15,0,0,0,2.70
50,16886,Javorius Allen,RB,11,BAL,LA,22,67,3,0,6,5,48,0,0,0,11.50
1,16966,Aaron Ripkowski,FB,12,GB,CHI,0,0,0,0,0,0,0,0,0,0,0.00
2,4807,Adrian Peterson,RB,12,MIN,ATL,29,158,5,2,4,2,29,0,0,0,30.70
3,2220,Ahmad Bradshaw,RB,12,IND,TB,4,6,2,0,4,3,20,0,0,0,2.60
4,17199,Akeem Hunt,RB,12,HOU,NO,3,27,9,0,1,1,-2,0,0,0,2.50
5,16189,Alfred Blue,RB,12,HOU,NO,16,77,5,1,1,1,4,0,0,0,14.10
6,14269,Alfred Morris,RB,12,WAS,NYG,23,78,3,0,1,1,12,0,0,0,9.00
7,16815,Ameer Abdullah,RB,12,DET,PHI,16,63,4,0,2,1,12,0,0,0,7.50
8,15224,Andre Ellington,RB,12,ARI,SF,5,24,5,0,5,3,22,0,0,0,4.60
9,16402,Andre Williams,RB,12,NYG,WAS,2,1,1,0,0,0,0,0,0,0,0.10
10,12285,Anthony Dixon,RB,12,BUF,KC,2,8,4,0,0,0,0,0,0,0,0.80
11,13418,Anthony Sherman,FB,12,KC,BUF,0,0,0,0,0,0,0,0,0,0,0.00
12,11439,Antone Smith,RB,12,CHI,GB,0,0,0,0,0,0,0,0,0,0,0.00
13,16163,Antonio Andrews,RB,12,TEN,OAK,11,32,3,0,2,1,14,0,0,0,4.60
14,15207,Benjamin Cunningham,RB,12,LA,CIN,2,12,6,0,3,1,5,0,0,0,1.70
15,12800,Bilal Powell,RB,12,NYJ,MIA,6,28,5,0,5,2,7,0,0,0,3.50
16,16178,Bishop Sankey,RB,12,TEN,OAK,0,0,0,0,0,0,0,0,0,0,0.00
17,13852,Bobby Rainey,RB,12,TB,IND,0,0,0,0,0,0,0,0,0,0,0.00
18,13741,Brandon Bolden,RB,12,NE,DEN,4,11,3,0,4,4,84,1,0,0,15.50
19,13446,Bruce Miller,FB,12,SF,ARI,0,0,0,0,0,0,0,0,0,0,0.00
20,11737,Cedric Peerman,RB,12,CIN,LA,0,0,0,0,0,0,0,0,0,0,0.00
21,16609,Charles Sims,RB,12,TB,IND,4,8,2,0,3,3,31,0,0,0,3.90
22,15596,Chase Reynolds,RB,12,LA,CIN,0,0,0,0,0,0,0,0,0,0,0.00
23,12239,Chris Ivory,RB,12,NYJ,MIA,21,87,4,1,2,2,15,0,0,0,16.20
24,6828,Chris Johnson,RB,12,ARI,SF,12,17,1,0,0,0,0,0,0,0,1.70
25,13735,Chris Polk,RB,12,HOU,NO,6,21,4,0,1,1,6,0,0,0,2.70
26,15102,Chris Thompson,RB,12,WAS,NYG,2,7,4,0,1,1,9,0,0,0,1.60
27,15020,CJ Anderson,RB,12,DEN,NE,15,113,8,2,4,4,40,0,0,0,27.30
28,10949,CJ Spiller,RB,12,NO,HOU,1,-2,-2,0,3,2,8,0,0,0,0.60
29,16031,Damien Williams,RB,12,MIA,NYJ,0,0,0,0,4,2,10,0,0,0,1.00
30,14788,Dan Herron,RB,12,IND,TB,0,0,0,0,0,0,0,0,0,0,0.00
31,12317,Danny Woodhead,RB,12,SD,JAX,4,8,2,0,6,6,39,0,0,0,4.70
32,11969,Darrel Young,FB,12,WAS,NYG,0,0,0,0,0,0,0,0,0,0,0.00
33,8066,Darren McFadden,RB,12,DAL,CAR,10,11,1,0,6,4,45,0,0,0,7.60
34,6198,Darren Sproles,RB,12,PHI,DET,2,4,2,0,6,4,21,0,0,0,2.50
35,16898,David Cobb,RB,12,TEN,OAK,3,8,3,0,1,0,0,0,0,0,0.80
36,16847,David Johnson,RB,12,ARI,SF,8,21,3,1,4,2,8,0,0,0,8.90
37,7580,DeAngelo Williams,RB,12,PIT,SEA,8,29,4,1,7,7,88,0,0,0,17.70
38,13124,DeMarco Murray,RB,12,PHI,DET,14,30,2,0,0,0,0,0,0,0,3.00
39,15018,Denard Robinson,RB,12,JAX,SD,3,23,8,0,1,1,9,0,0,0,3.20
40,15631,Derrick Coleman,FB,12,SEA,PIT,1,1,1,0,0,0,0,0,0,0,0.10
41,8604,Donald Brown,RB,12,SD,JAX,3,2,1,0,2,0,0,0,0,0,0.20
42,14385,Doug Martin,RB,12,TB,IND,14,97,7,0,3,1,1,0,0,0,9.80
43,16838,Duke Johnson,RB,12,CLE,BAL,7,27,4,0,6,5,23,0,0,0,5.00
44,15138,Eddie Lacy,RB,12,GB,CHI,17,105,6,0,5,4,34,1,1,1,17.90
45,15616,Fozzy Whittaker,RB,12,CAR,DAL,0,0,0,0,0,0,0,0,0,0,0.00
46,5820,Frank Gore,RB,12,IND,TB,19,24,1,0,3,2,13,0,0,0,3.70
47,5701,Fred Jackson,RB,12,SEA,PIT,1,4,4,0,2,2,7,0,0,0,1.10
48,15497,George Winn,RB,12,DET,PHI,3,1,0,0,0,0,0,0,0,0,0.10
49,14916,Giovani Bernard,RB,12,CIN,LA,10,16,2,0,3,2,51,0,1,0,6.70
50,16740,Glenn Winston,RB,12,CLE,BAL,0,0,0,0,0,0,0,0,0,0,0.00
1,4807,Adrian Peterson,RB,13,MIN,SEA,8,18,2,0,4,4,6,0,0,0,2.40
2,17199,Akeem Hunt,RB,13,HOU,BUF,1,7,7,0,1,1,0,0,0,0,0.70
3,16189,Alfred Blue,RB,13,HOU,BUF,4,14,4,0,0,0,0,0,0,0,1.40
4,14269,Alfred Morris,RB,13,WAS,DAL,6,12,2,0,0,0,0,0,0,0,1.20
5,16815,Ameer Abdullah,RB,13,DET,GB,13,67,5,0,1,0,0,0,0,0,6.70
6,16402,Andre Williams,RB,13,NYG,NYJ,6,22,4,0,1,0,0,0,0,0,2.20
7,12285,Anthony Dixon,RB,13,BUF,HOU,1,6,6,0,0,0,0,0,0,0,0.60
8,13418,Anthony Sherman,FB,13,KC,OAK,0,0,0,0,1,0,0,0,0,0,0.00
9,16163,Antonio Andrews,RB,13,TEN,JAX,13,58,5,1,1,1,10,0,0,0,12.80
10,15207,Benjamin Cunningham,RB,13,LA,ARI,0,0,0,0,1,0,0,0,0,0,0.00
11,12800,Bilal Powell,RB,13,NYJ,NYG,6,17,3,0,13,8,91,1,0,0,16.80
12,16178,Bishop Sankey,RB,13,TEN,JAX,0,0,0,0,1,0,0,0,0,0,0.00
13,13852,Bobby Rainey,RB,13,TB,ATL,0,0,0,0,0,0,0,0,0,0,0.00
14,13741,Brandon Bolden,RB,13,NE,PHI,3,22,7,0,5,1,2,0,0,0,2.40
15,13446,Bruce Miller,FB,13,SF,CHI,1,4,4,0,1,1,4,0,0,0,0.80
16,11737,Cedric Peerman,RB,13,CIN,CLE,0,0,0,0,0,0,0,0,0,0,0.00
17,16307,Charcandrick West,RB,13,KC,OAK,9,35,4,0,3,2,9,0,1,0,4.40
18,16609,Charles Sims,RB,13,TB,ATL,7,56,8,0,3,2,21,0,0,0,7.70
19,15596,Chase Reynolds,RB,13,LA,ARI,0,0,0,0,0,0,0,0,0,0,0.00
20,12239,Chris Ivory,RB,13,NYJ,NYG,10,47,5,0,5,5,22,0,1,1,4.90
21,13735,Chris Polk,RB,13,HOU,BUF,12,61,5,0,1,1,11,1,0,0,13.20
22,15102,Chris Thompson,RB,13,WAS,DAL,1,6,6,0,4,4,18,0,0,0,2.40
23,15020,CJ Anderson,RB,13,DEN,SD,7,42,6,0,1,1,12,0,0,0,5.40
24,10949,CJ Spiller,RB,13,NO,CAR,0,0,0,0,2,1,0,0,0,0,0.00
25,16031,Damien Williams,RB,13,MIA,BAL,1,1,1,0,1,1,5,0,0,0,0.60
26,14788,Dan Herron,RB,13,IND,PIT,2,8,4,0,3,3,16,0,0,0,2.40
27,12317,Danny Woodhead,RB,13,SD,DEN,3,10,3,0,7,3,24,0,0,0,3.40
28,11969,Darrel Young,FB,13,WAS,DAL,0,0,0,0,0,0,0,0,0,0,0.00
29,8066,Darren McFadden,RB,13,DAL,WAS,14,53,4,1,1,1,6,0,2,2,7.90
30,6198,Darren Sproles,RB,13,PHI,NE,15,66,4,0,6,4,34,0,0,0,10.00
31,16898,David Cobb,RB,13,TEN,JAX,13,40,3,0,0,0,0,0,0,0,4.00
32,16847,David Johnson,RB,13,ARI,LA,22,99,5,0,3,2,21,1,1,0,18.00
33,7580,DeAngelo Williams,RB,13,PIT,IND,26,134,5,0,6,5,31,0,2,1,14.50
34,13124,DeMarco Murray,RB,13,PHI,NE,8,24,3,0,0,0,0,0,0,0,2.40
35,15018,Denard Robinson,RB,13,JAX,TEN,3,21,7,0,1,1,2,0,0,0,2.30
36,15631,Derrick Coleman,FB,13,SEA,MIN,0,0,0,0,0,0,0,0,0,0,0.00
37,16524,Devonta Freeman,RB,13,ATL,TB,14,47,3,0,11,10,56,0,0,0,10.30
38,8604,Donald Brown,RB,13,SD,DEN,7,26,4,0,1,1,31,0,1,0,5.70
39,14385,Doug Martin,RB,13,TB,ATL,25,95,4,1,2,1,5,0,1,1,14.00
40,12985,DuJuan Harris,RB,13,SEA,MIN,3,7,2,0,0,0,0,0,0,0,0.70
41,16838,Duke Johnson,RB,13,CLE,CIN,5,2,0,0,4,4,30,0,0,0,3.20
42,15138,Eddie Lacy,RB,13,GB,DET,5,4,1,0,1,1,-3,0,0,0,0.10
43,16699,Fitzgerald Toussaint,RB,13,PIT,IND,4,12,3,0,0,0,0,0,0,0,1.20
44,15616,Fozzy Whittaker,RB,13,CAR,NO,1,11,11,0,0,0,0,0,1,0,1.10
45,5820,Frank Gore,RB,13,IND,PIT,13,45,4,0,5,3,49,1,0,0,15.40
46,5701,Fred Jackson,RB,13,SEA,MIN,1,5,5,0,2,2,13,1,0,0,7.80
47,15497,George Winn,RB,13,DET,GB,0,0,0,0,0,0,0,0,0,0,0.00
48,14916,Giovani Bernard,RB,13,CIN,CLE,5,26,5,0,1,1,9,0,0,0,3.50
49,16127,Isaiah Crowell,RB,13,CLE,CIN,11,62,6,0,1,1,2,0,0,0,6.40
50,16869,Jalston Fowler,RB,13,TEN,JAX,0,0,0,0,0,0,0,0,0,0,0.00
1,16966,Aaron Ripkowski,FB,14,GB,DAL,0,0,0,0,0,0,0,0,0,0,0.00
2,4807,Adrian Peterson,RB,14,MIN,ARI,23,69,3,1,1,1,17,0,1,1,12.60
3,17199,Akeem Hunt,RB,14,HOU,NE,1,1,1,0,0,0,0,0,0,0,0.10
4,16189,Alfred Blue,RB,14,HOU,NE,0,0,0,0,0,0,0,0,0,0,0.00
5,14269,Alfred Morris,RB,14,WAS,CHI,11,24,2,1,1,0,0,0,0,0,8.40
6,16815,Ameer Abdullah,RB,14,DET,LA,7,23,3,0,2,2,21,0,0,0,4.40
7,16402,Andre Williams,RB,14,NYG,MIA,3,3,1,0,0,0,0,0,0,0,0.30
8,12285,Anthony Dixon,RB,14,BUF,PHI,0,0,0,0,0,0,0,0,0,0,0.00
9,13418,Anthony Sherman,FB,14,KC,SD,0,0,0,0,0,0,0,0,0,0,0.00
10,16163,Antonio Andrews,RB,14,TEN,NYJ,4,8,2,0,2,1,6,0,0,0,7.04
11,15191,Austin Johnson,FB,14,NO,TB,0,0,0,0,0,0,0,0,0,0,0.00
12,15207,Benjamin Cunningham,RB,14,LA,DET,3,14,5,0,1,1,8,0,0,0,2.20
13,12800,Bilal Powell,RB,14,NYJ,TEN,3,36,12,0,5,5,46,1,0,0,14.20
14,13852,Bobby Rainey,RB,14,TB,NO,0,0,0,0,0,0,0,0,0,0,0.00
15,13741,Brandon Bolden,RB,14,NE,HOU,16,51,3,0,0,0,0,0,0,0,5.10
16,13446,Bruce Miller,FB,14,SF,CLE,1,3,3,0,0,0,0,0,0,0,0.30
17,11737,Cedric Peerman,RB,14,CIN,PIT,0,0,0,0,0,0,0,0,0,0,0.00
18,16307,Charcandrick West,RB,14,KC,SD,10,54,5,0,1,0,0,0,0,0,5.40
19,16609,Charles Sims,RB,14,TB,NO,5,10,2,0,8,6,64,0,0,0,7.40
20,15596,Chase Reynolds,RB,14,LA,DET,0,0,0,0,0,0,0,0,0,0,0.00
21,12239,Chris Ivory,RB,14,NYJ,TEN,22,101,5,0,2,1,6,0,0,0,10.70
22,13735,Chris Polk,RB,14,HOU,NE,11,34,3,0,2,2,14,0,0,0,4.80
23,10949,CJ Spiller,RB,14,NO,TB,3,2,1,0,3,3,7,0,0,0,0.90
24,16031,Damien Williams,RB,14,MIA,NYG,0,0,0,0,3,2,11,0,1,0,1.10
25,14788,Dan Herron,RB,14,IND,JAX,4,16,4,0,2,2,5,0,0,0,2.10
26,12317,Danny Woodhead,RB,14,SD,KC,3,5,2,0,6,3,8,0,0,0,1.30
27,11969,Darrel Young,FB,14,WAS,CHI,0,0,0,0,1,1,2,0,0,0,0.20
28,8066,Darren McFadden,RB,14,DAL,GB,9,111,12,0,2,0,0,0,0,0,11.10
29,6198,Darren Sproles,RB,14,PHI,BUF,7,41,6,1,3,2,4,0,0,0,10.50
30,16898,David Cobb,RB,14,TEN,NYJ,2,1,1,0,0,0,0,0,0,0,0.10
31,16847,David Johnson,RB,14,ARI,MIN,19,92,5,0,7,5,31,0,0,0,12.30
32,7580,DeAngelo Williams,RB,14,PIT,CIN,23,76,3,2,2,2,15,0,0,0,21.10
33,13124,DeMarco Murray,RB,14,PHI,BUF,11,34,3,0,2,2,3,0,0,0,3.70
34,15018,Denard Robinson,RB,14,JAX,IND,14,75,5,1,2,1,12,0,0,0,14.70
35,15631,Derrick Coleman,FB,14,SEA,BAL,1,19,19,0,0,0,0,0,0,0,1.90
36,16524,Devonta Freeman,RB,14,ATL,CAR,12,40,3,0,5,3,22,0,1,1,4.20
37,11220,Dexter McCluster,RB,14,TEN,NYJ,4,12,3,0,5,4,38,0,0,0,7.00
38,8604,Donald Brown,RB,14,SD,KC,0,0,0,0,0,0,0,0,0,0,0.00
39,14385,Doug Martin,RB,14,TB,NO,11,81,7,1,3,1,5,0,0,0,14.60
40,12985,DuJuan Harris,RB,14,SEA,BAL,18,42,2,0,0,0,0,0,1,1,2.20
41,16838,Duke Johnson,RB,14,CLE,SF,13,78,6,0,3,1,6,0,0,0,8.40
42,15138,Eddie Lacy,RB,14,GB,DAL,24,124,5,1,1,1,24,0,0,0,20.80
43,16699,Fitzgerald Toussaint,RB,14,PIT,CIN,0,0,0,0,0,0,0,0,0,0,0.00
44,15616,Fozzy Whittaker,RB,14,CAR,ATL,8,34,4,1,1,1,-6,0,0,0,8.80
45,5820,Frank Gore,RB,14,IND,JAX,16,60,4,0,5,1,-1,0,0,0,5.90
46,5701,Fred Jackson,RB,14,SEA,BAL,7,15,2,0,4,1,8,0,0,0,2.30
47,15497,George Winn,RB,14,DET,LA,0,0,0,0,0,0,0,0,0,0,0.00
48,14916,Giovani Bernard,RB,14,CIN,PIT,6,40,7,0,5,3,27,0,0,0,6.70
49,16740,Glenn Winston,RB,14,CLE,SF,1,-8,-8,0,0,0,0,0,1,1,-2.80
50,16127,Isaiah Crowell,RB,14,CLE,SF,20,145,7,2,1,1,9,0,0,0,27.40
1,16966,Aaron Ripkowski,FB,15,GB,OAK,0,0,0,0,0,0,0,0,0,0,0.00
2,4807,Adrian Peterson,RB,15,MIN,CHI,18,63,4,0,0,0,0,0,0,0,6.30
3,17199,Akeem Hunt,RB,15,HOU,IND,5,26,5,0,2,2,8,0,0,0,3.40
4,16189,Alfred Blue,RB,15,HOU,IND,20,107,5,0,0,0,0,0,1,1,8.70
5,14269,Alfred Morris,RB,15,WAS,BUF,14,84,6,0,0,0,0,0,0,0,8.40
6,16815,Ameer Abdullah,RB,15,DET,NO,9,77,9,1,2,2,12,0,1,1,12.90
7,16402,Andre Williams,RB,15,NYG,CAR,6,21,4,0,0,0,0,0,0,0,2.10
8,12285,Anthony Dixon,RB,15,BUF,WAS,1,5,5,0,1,1,4,0,0,0,0.90
9,13418,Anthony Sherman,FB,15,KC,BAL,0,0,0,0,0,0,0,0,0,0,0.00
10,16163,Antonio Andrews,RB,15,TEN,NE,14,45,3,0,6,5,25,0,0,0,7.00
11,15191,Austin Johnson,FB,15,NO,DET,0,0,0,0,1,1,6,0,0,0,0.60
12,15207,Benjamin Cunningham,RB,15,LA,TB,2,8,4,0,1,0,0,0,0,0,0.80
13,12800,Bilal Powell,RB,15,NYJ,DAL,6,25,4,1,7,7,54,0,0,0,13.90
14,16178,Bishop Sankey,RB,15,TEN,NE,0,0,0,0,3,3,23,0,0,0,2.30
15,13852,Bobby Rainey,RB,15,TB,LA,0,0,0,0,0,0,0,0,0,0,0.00
16,13741,Brandon Bolden,RB,15,NE,TEN,10,36,4,0,3,2,18,0,0,0,5.40
17,13446,Bruce Miller,FB,15,SF,CIN,2,3,2,1,1,1,10,0,0,0,7.30
18,13719,Bryce Brown,RB,15,SEA,CLE,9,43,5,0,1,0,0,0,0,0,4.30
19,16934,Cameron Artis-Payne,RB,15,CAR,NYG,14,59,4,0,2,2,34,0,0,0,9.30
20,11737,Cedric Peerman,RB,15,CIN,SF,0,0,0,0,0,0,0,0,0,0,0.00
21,16307,Charcandrick West,RB,15,KC,BAL,16,76,5,1,2,2,9,0,0,0,14.50
22,16609,Charles Sims,RB,15,TB,LA,7,50,7,0,3,3,22,0,0,0,7.20
23,15596,Chase Reynolds,RB,15,LA,TB,0,0,0,0,0,0,0,0,1,0,0.00
24,12239,Chris Ivory,RB,15,NYJ,DAL,13,37,3,0,2,1,5,0,0,0,4.20
25,13735,Chris Polk,RB,15,HOU,IND,4,6,2,0,0,0,0,0,0,0,0.60
26,15256,Christine Michael,RB,15,SEA,CLE,16,84,5,0,0,0,0,0,0,0,8.40
27,15020,CJ Anderson,RB,15,DEN,PIT,4,14,4,0,3,1,6,0,0,0,2.00
28,10949,CJ Spiller,RB,15,NO,DET,2,2,1,0,5,2,16,0,0,0,1.80
29,16031,Damien Williams,RB,15,MIA,SD,1,1,1,0,2,2,11,0,0,0,1.20
30,14788,Dan Herron,RB,15,IND,HOU,0,0,0,0,1,1,6,0,0,0,0.60
31,12317,Danny Woodhead,RB,15,SD,MIA,8,10,1,1,6,6,50,3,0,0,30.00
32,11969,Darrel Young,FB,15,WAS,BUF,0,0,0,0,1,1,6,0,0,0,0.60
33,8066,Darren McFadden,RB,15,DAL,NYJ,16,100,6,0,3,2,13,0,0,0,11.30
34,6198,Darren Sproles,RB,15,PHI,ARI,6,9,2,0,4,3,16,0,0,0,2.50
35,16898,David Cobb,RB,15,TEN,NE,4,9,2,0,0,0,0,0,0,0,0.90
36,16847,David Johnson,RB,15,ARI,PHI,29,187,6,3,4,4,42,0,0,0,40.90
37,7580,DeAngelo Williams,RB,15,PIT,DEN,14,26,2,1,6,5,30,0,0,0,11.60
38,13124,DeMarco Murray,RB,15,PHI,ARI,2,3,2,0,0,0,0,0,0,0,0.30
39,15018,Denard Robinson,RB,15,JAX,ATL,14,41,3,0,10,8,46,0,2,0,8.70
40,15631,Derrick Coleman,FB,15,SEA,CLE,5,10,2,0,0,0,0,0,0,0,1.00
41,16524,Devonta Freeman,RB,15,ATL,JAX,25,56,2,1,10,7,45,0,0,0,16.10
42,11220,Dexter McCluster,RB,15,TEN,NE,0,0,0,0,0,0,0,0,0,0,0.00
43,8604,Donald Brown,RB,15,SD,MIA,12,90,8,0,3,2,14,0,0,0,10.40
44,14385,Doug Martin,RB,15,TB,LA,18,91,5,0,2,1,6,0,0,0,9.70
45,16838,Duke Johnson,RB,15,CLE,SEA,4,46,12,0,5,5,39,0,1,0,8.50
46,15138,Eddie Lacy,RB,15,GB,OAK,11,23,2,0,0,0,0,0,0,0,2.30
47,16699,Fitzgerald Toussaint,RB,15,PIT,DEN,0,0,0,0,0,0,0,0,0,0,0.00
48,15616,Fozzy Whittaker,RB,15,CAR,NYG,2,2,1,0,2,2,14,0,0,0,1.60
49,5820,Frank Gore,RB,15,IND,HOU,16,44,3,0,2,1,15,0,0,0,5.90
50,5701,Fred Jackson,RB,15,SEA,CLE,0,0,0,0,3,2,17,0,0,0,1.70
